TIME,SEGMENT_ID,SPEED,STREET,DIRECTION,FROM_STREET,TO_STREET,LENGTH,STREET_HEADING,COMMENTS,BUS_COUNT,MESSAGE_COUNT,HOUR,DAY_OF_WEEK,MONTH,RECORD_ID,START_LATITUDE,START_LONGITUDE,END_LATITUDE,END_LONGITUDE,START_LOCATION,END_LOCATION,Community Areas,Zip Codes,Wards
03/21/2018 05:31:29 PM,1133,23,Cicero,SB,Cermak,31st,1,S,Outside City Limits,3,17,17,4,3,1133-201803212231,41.85124519,-87.74443372,41.8367474,-87.74393181,POINT (-87.7444337191 41.8512451897),POINT (-87.7439318058 41.8367473974),,4458,
03/21/2018 05:31:29 PM,1134,20,Cicero,SB,Roosevelt,Cermak,1.02,S,Outside City Limits,2,24,17,4,3,1134-201803212231,41.86596274,-87.7449852,41.85124519,-87.74443372,POINT (-87.7449852043 41.8659627382),POINT (-87.7444337191 41.8512451897),26,22216,7
03/21/2018 05:31:29 PM,1151,20,Harlem,NB,Madison,Chicago,1.01,S,Outside City Limits,1,5,17,4,3,1151-201803212231,41.87969928,-87.80454881,41.8942683,-87.80510079,POINT (-87.8045488066 41.8796992839),POINT (-87.8051007941 41.8942683013),,26615,
03/21/2018 05:31:29 PM,1152,23,Harlem,NB,Chicago,North Ave,1.01,N,Outside City Limits,1,15,17,4,3,1152-201803212231,41.8942683,-87.80510079,41.90885603,-87.80555365,POINT (-87.8051007941 41.8942683013),POINT (-87.8055536529 41.9088560337),,26615,
03/21/2018 05:31:29 PM,1153,14,Harlem,NB,Forest Preserve Ave,Gunnison,1,N,Outside City Limits,3,11,17,4,3,1153-201803212231,41.95381382,-87.80714975,41.96834367,-87.80698239,POINT (-87.8071497455 41.9538138239),POINT (-87.8069823878 41.9683436725),17,22254,19
03/21/2018 05:31:29 PM,1211,36,Halsted,NB,51st,47th,0.5,S,,1,5,17,4,3,1211-201803212231,41.801585,-87.645156,41.808864,-87.645349,POINT (-87.645156 41.801585),POINT (-87.645349 41.808864),59,14924,4
03/21/2018 05:31:29 PM,1212,35,Halsted,NB,47th,43rd,0.5,S,,1,5,17,4,3,1212-201803212231,41.808864,-87.645349,41.816184,-87.645535,POINT (-87.645349 41.808864),POINT (-87.645535 41.816184),59,14924,48
03/21/2018 05:31:29 PM,1213,27,Halsted,NB,43rd,Pershing,0.5,S,,4,16,17,4,3,1213-201803212231,41.816184,-87.645535,41.823458,-87.645736,POINT (-87.645535 41.816184),POINT (-87.645736 41.823458),59,14924,48
03/21/2018 05:31:29 PM,1214,23,Halsted,NB,Pershing,35th,0.5,S,,2,17,17,4,3,1214-201803212231,41.823458,-87.645736,41.83075,-87.645915,POINT (-87.645736 41.823458),POINT (-87.645915 41.83075),59,14924,48
03/21/2018 05:31:29 PM,1215,18,Halsted,NB,35th,31st,0.5,S,,3,15,17,4,3,1215-201803212231,41.83075,-87.645915,41.838046,-87.646086,POINT (-87.645915 41.83075),POINT (-87.646086 41.838046),58,14924,48
03/21/2018 05:31:29 PM,1216,17,Halsted,NB,31st,Archer,0.63,S,,4,40,17,4,3,1216-201803212231,41.838046,-87.646086,41.847196,-87.646297,POINT (-87.646086 41.838046),POINT (-87.646297 41.847196),58,14920,48
03/21/2018 04:20:36 PM,127,21,Ashland,NB,Addison,Irving Park,0.5,N,,1,5,16,4,3,0127-201803212120,41.94698905,-87.66867435,41.95428929,-87.66886505,POINT (-87.6686743455 41.9469890515),POINT (-87.6688650541 41.9542892901),57,4449,25
03/21/2018 04:20:36 PM,129,-1,Ashland,NB,Montrose,Lawrence,0.5,N,,0,0,16,4,3,0129-201803212120,41.9615905,-87.66907431,41.96887592,-87.66925524,POINT (-87.6690743088 41.9615905019),POINT (-87.6692552405 41.9688759177),57,21186,18
03/21/2018 04:20:36 PM,131,18,Ashland,NB,Foster,Bryn Mawr,0.5,N,,2,15,16,4,3,0131-201803212120,41.97617107,-87.6694299,41.98347478,-87.66963224,POINT (-87.6694299012 41.9761710709),POINT (-87.6696322417 41.9834747775),31,22616,24
03/21/2018 04:20:36 PM,132,18,Ashland,NB,Bryn Mawr,Clark,0.23,N,,2,7,16,4,3,0132-201803212120,41.98347478,-87.66963224,41.98675189,-87.66952653,POINT (-87.6696322417 41.9834747775),POINT (-87.6695265292 41.9867518859),76,22616,24
03/21/2018 04:20:36 PM,133,23,Ashland,SB,91st,95th,0.5,S,,2,18,16,4,3,0133-201803212120,41.72848324,-87.66303474,41.72121624,-87.66286655,POINT (-87.6630347385 41.7284832358),POINT (-87.6628665545 41.7212162434),72,21554,13
03/21/2018 04:20:36 PM,134,20,Ashland,SB,87th,91st,0.5,S,,3,15,16,4,3,0134-201803212120,41.73579085,-87.66324831,41.72848324,-87.66303474,POINT (-87.6632483146 41.7357908525),POINT (-87.6630347385 41.7284832358),70,21554,13
03/21/2018 04:20:36 PM,135,23,Ashland,SB,83rd,87th,0.5,S,,2,8,16,4,3,0135-201803212120,41.74307783,-87.66343476,41.73579085,-87.66324831,POINT (-87.6634347632 41.7430778317),POINT (-87.6632483146 41.7357908525),70,21554,13
03/21/2018 04:20:36 PM,136,14,Ashland,SB,79th,83rd,0.5,S,,1,5,16,4,3,0136-201803212120,41.75035815,-87.66362058,41.74307783,-87.66343476,POINT (-87.663620583 41.7503581457),POINT (-87.6634347632 41.7430778317),70,21554,31
03/21/2018 04:20:36 PM,137,33,Ashland,SB,71st,79th,1,S,,3,19,16,4,3,0137-201803212120,41.7649101,-87.66397925,41.75035815,-87.66362058,POINT (-87.6639792472 41.7649100967),POINT (-87.663620583 41.7503581457),65,22257,31
03/21/2018 04:20:36 PM,138,25,Ashland,SB,67th,71st,0.5,S,,2,8,16,4,3,0138-201803212120,41.77219308,-87.66420442,41.7649101,-87.66397925,POINT (-87.6642044154 41.7721930844),POINT (-87.6639792472 41.7649100967),65,22257,3
03/21/2018 04:20:36 PM,139,18,Ashland,SB,63rd,67th,0.5,S,,2,13,16,4,3,0139-201803212120,41.77946564,-87.66440407,41.77219308,-87.66420442,POINT (-87.6644040713 41.7794656394),POINT (-87.6642044154 41.7721930844),65,22257,2
03/21/2018 04:20:36 PM,140,27,Ashland,SB,59th,63rd,0.5,S,,2,9,16,4,3,0140-201803212120,41.78674791,-87.66457782,41.77946564,-87.66440407,POINT (-87.6645778209 41.7867479054),POINT (-87.6644040713 41.7794656394),65,22257,2
03/21/2018 04:20:36 PM,141,19,Ashland,SB,55th,59th,0.5,S,,2,20,16,4,3,0141-201803212120,41.79402543,-87.66476516,41.78674791,-87.66457782,POINT (-87.6647651619 41.7940254304),POINT (-87.6645778209 41.7867479054),59,22257,2
03/21/2018 04:20:36 PM,142,19,Ashland,SB,51st,55th,0.5,S,,2,5,16,4,3,0142-201803212120,41.80131928,-87.66495985,41.79402543,-87.66476516,POINT (-87.6649598466 41.8013192816),POINT (-87.6647651619 41.7940254304),59,14924,4
03/21/2018 04:20:36 PM,143,27,Ashland,SB,47th,51st,0.5,S,,1,6,16,4,3,0143-201803212120,41.80860551,-87.66515591,41.80131928,-87.66495985,POINT (-87.6651559056 41.8086055077),POINT (-87.6649598466 41.8013192816),59,14924,3
03/21/2018 04:10:58 PM,1132,-1,Cicero,SB,31st,Pershing,1.01,S,Outside City Limits,0,0,16,4,3,1132-201803212110,41.8367474,-87.74393181,41.82214155,-87.74377227,POINT (-87.7439318058 41.8367473974),POINT (-87.7437722696 41.8221415535),,4458,
03/21/2018 02:10:27 PM,360,27,Western,NB,Diversey,Belmont,0.5,N,,1,6,14,4,3,0360-201803211910,41.93217809,-87.68769895,41.93945978,-87.68798106,POINT (-87.6876989484 41.9321780939),POINT (-87.6879810565 41.9394597831),23,22535,40
03/21/2018 02:10:27 PM,361,17,Western,NB,Belmont,Addison,0.5,N,,1,11,14,4,3,0361-201803211910,41.93945978,-87.68798106,41.94672978,-87.68807393,POINT (-87.6879810565 41.9394597831),POINT (-87.6880739349 41.9467297764),46,21538,40
03/21/2018 02:10:27 PM,362,27,Western,NB,Addison,Irving Park,0.5,N,,1,2,14,4,3,0362-201803211910,41.94672978,-87.68807393,41.95401171,-87.68828243,POINT (-87.6880739349 41.9467297764),POINT (-87.6882824308 41.9540117081),46,21538,18
03/21/2018 02:10:27 PM,363,20,Western,NB,Irving Park,Montrose,0.5,N,,1,7,14,4,3,0363-201803211910,41.95401171,-87.68828243,41.96131182,-87.68849917,POINT (-87.6882824308 41.9540117081),POINT (-87.6884991671 41.9613118159),46,21538,18
03/21/2018 02:10:27 PM,364,10,Western,NB,Montrose,Lawrence,0.5,N,,3,30,14,4,3,0364-201803211910,41.96131182,-87.68849917,41.96861389,-87.68872273,POINT (-87.6884991671 41.9613118159),POINT (-87.6887227326 41.9686138926),46,21538,18
03/21/2018 02:10:27 PM,365,27,Western,NB,Lawrence,Foster,0.5,N,,3,10,14,4,3,0365-201803211910,41.96861389,-87.68872273,41.97589051,-87.68896683,POINT (-87.6887227326 41.9686138926),POINT (-87.6889668295 41.97589051),6,21849,18
03/21/2018 02:10:27 PM,366,19,Western,NB,Foster,Bryn Mawr,0.5,N,,1,3,14,4,3,0366-201803211910,41.97589051,-87.68896683,41.98316666,-87.68926444,POINT (-87.6889668295 41.97589051),POINT (-87.6892644434 41.9831666552),6,21849,24
03/21/2018 02:10:27 PM,367,-1,Western,NB,Bryn Mawr,Peterson,0.5,N,,0,0,14,4,3,0367-201803211910,41.98316666,-87.68926444,41.99049897,-87.68948864,POINT (-87.6892644434 41.9831666552),POINT (-87.6894886422 41.9904989723),6,21849,24
03/21/2018 02:10:27 PM,368,-1,Western,SB,107th,111th,0.5,S,,0,0,14,4,3,0368-201803211910,41.69908,-87.68157079,41.6917802,-87.68133821,POINT (-87.681570794 41.699079999),POINT (-87.6813382085 41.691780196),74,22212,42
03/21/2018 02:10:27 PM,369,-1,Western,SB,103rd,107th,0.5,S,,0,0,14,4,3,0369-201803211910,41.70637736,-87.68180346,41.69908,-87.68157079,POINT (-87.6818034645 41.7063773615),POINT (-87.681570794 41.699079999),71,22212,42
03/21/2018 02:10:27 PM,370,-1,Western,SB,99th,103rd,0.5,S,,0,0,14,4,3,0370-201803211910,41.71367482,-87.68202648,41.70637736,-87.68180346,POINT (-87.6820264847 41.7136748244),POINT (-87.6818034645 41.7063773615),,22212,
03/21/2018 02:10:27 PM,371,-1,Western,SB,95th,99th,0.5,S,IDOT Signals Possible,0,0,14,4,3,0371-201803211910,41.72094036,-87.68223832,41.71367482,-87.68202648,POINT (-87.6822383249 41.7209403583),POINT (-87.6820264847 41.7136748244),,4459,
03/21/2018 02:10:27 PM,372,28,Western,SB,91st,95th,0.5,S,IDOT Signals Possible,1,8,14,4,3,0372-201803211910,41.72823071,-87.68248281,41.72094036,-87.68223832,POINT (-87.6824828127 41.7282307117),POINT (-87.6822383249 41.7209403583),,4459,
03/21/2018 02:10:27 PM,449,29,79th,WB,California,Kedzie,0.5,W,,4,14,14,4,3,0449-201803211910,41.75004024,-87.69263646,41.74985034,-87.7024134,POINT (-87.6926364622 41.7500402444),POINT (-87.7024134014 41.7498503425),69,4300,30
03/21/2018 02:10:27 PM,450,23,79th,WB,Western,California,0.51,W,,3,12,14,4,3,0450-201803211910,41.75018803,-87.68275128,41.75004024,-87.69263646,POINT (-87.6827512753 41.7501880334),POINT (-87.6926364622 41.7500402444),69,21554,30
03/21/2018 02:10:27 PM,451,25,79th,WB,Damen,Western,0.49,W,,6,23,14,4,3,0451-201803211910,41.75041755,-87.67308244,41.75018803,-87.68275128,POINT (-87.6730824357 41.750417551),POINT (-87.6827512753 41.7501880334),70,21554,31
03/21/2018 02:10:27 PM,452,25,79th,WB,Ashland,Damen,0.49,W,,4,18,14,4,3,0452-201803211910,41.75056524,-87.66346869,41.75041755,-87.67308244,POINT (-87.6634686872 41.7505652402),POINT (-87.6730824357 41.750417551),70,21554,31
03/21/2018 02:10:27 PM,453,24,79th,WB,Racine,Ashland,0.5,W,,3,15,14,4,3,0453-201803211910,41.75058916,-87.65369301,41.75056524,-87.66346869,POINT (-87.6536930095 41.7505891635),POINT (-87.6634686872 41.7505652402),70,21554,31
03/21/2018 02:10:27 PM,454,17,79th,WB,Halsted,Racine,0.5,W,,6,41,14,4,3,0454-201803211910,41.75077524,-87.64397017,41.75058916,-87.65369301,POINT (-87.6439701738 41.7507752434),POINT (-87.6536930095 41.7505891635),70,21554,31
03/21/2018 02:10:26 PM,419,16,79th,WB,State,Vincennes,0.49,E,,5,43,14,4,3,0419-201803211910,41.75110427,-87.6245246,41.75087884,-87.63419387,POINT (-87.6245246027 41.7511042672),POINT (-87.6341938681 41.7508788394),67,21546,32
03/21/2018 02:10:26 PM,420,15,79th,WB,Dr Martin L King Jr,State,0.49,E,,1,17,14,4,3,0420-201803211910,41.75128856,-87.61491024,41.75110427,-87.6245246,POINT (-87.6149102436 41.7512885566),POINT (-87.6245246027 41.7511042672),67,21546,32
03/21/2018 02:10:26 PM,421,17,79th,WB,Cottage Grove,Dr Martin L King Jr,0.5,E,,2,18,14,4,3,0421-201803211910,41.75139002,-87.60518815,41.75128856,-87.61491024,POINT (-87.6051881522 41.7513900229),POINT (-87.6149102436 41.7512885566),67,21546,35
03/21/2018 02:10:26 PM,422,18,79th,WB,Woodlawn,Cottage Grove,0.5,E,,1,7,14,4,3,0422-201803211910,41.75144965,-87.5954122,41.75139002,-87.60518815,POINT (-87.595412204 41.7514496528),POINT (-87.6051881522 41.7513900229),41,21546,35
03/21/2018 02:10:26 PM,423,20,79th,WB,Stony Island,Woodlawn,0.49,E,,1,11,14,4,3,0423-201803211910,41.75159084,-87.58579799,41.75144965,-87.5954122,POINT (-87.5857979864 41.7515908387),POINT (-87.595412204 41.7514496528),39,22538,35
03/21/2018 02:10:26 PM,424,20,95th,EB,Western,Damen,0.48,W,,1,8,14,4,3,0424-201803211910,41.72082809,-87.68205971,41.72088959,-87.6727284,POINT (-87.6820597144 41.7208280858),POINT (-87.6727283985 41.7208895929),71,22212,42
03/21/2018 10:10:31 AM,583,44,Lake Shore Dr,NW,18TH,Roosevelt,0.67,S,,3,5,10,4,3,0583-201803211510,41.85796047,-87.61641887,41.8674651,-87.61867114,POINT (-87.6164188659 41.8579604705),POINT (-87.6186711362 41.8674650997),34,21194,10
03/21/2018 10:10:31 AM,584,-1,Lake Shore Dr,NE,Roosevelt,Balbo,0.41,N,,0,0,10,4,3,0584-201803211510,41.8674651,-87.61867114,41.87325521,-87.61712898,POINT (-87.6186711362 41.8674650997),POINT (-87.6171289792 41.8732552139),34,14913,10
03/21/2018 10:10:31 AM,586,35,Lake Shore Dr,NB,Balbo,Monroe,0.53,S,,3,7,10,4,3,0586-201803211510,41.87325521,-87.61712898,41.88091652,-87.61730448,POINT (-87.61712898 41.87325521),POINT (-87.61730448 41.88091652),38,14913,10
03/21/2018 10:10:30 AM,331,26,Western,NB,95th,91st,0.5,S,IDOT Signals Possible,1,7,10,4,3,0331-201803211510,41.72093828,-87.68187204,41.72822864,-87.68211649,POINT (-87.6818720444 41.7209382823),POINT (-87.6821164908 41.7282286362),71,22212,42
03/21/2018 10:10:30 AM,332,34,Western,NB,91st,87th,0.5,S,IDOT Signals Possible,1,6,10,4,3,0332-201803211510,41.72822864,-87.68211649,41.73552625,-87.68233085,POINT (-87.6821164908 41.7282286362),POINT (-87.6823308541 41.7355262471),71,22212,42
03/21/2018 10:10:30 AM,333,-1,Western,NB,87th,83rd,0.5,S,,0,0,10,4,3,0333-201803211510,41.73552625,-87.68233085,41.74281467,-87.68249602,POINT (-87.6823308541 41.7355262471),POINT (-87.6824960199 41.7428146728),71,22212,42
03/21/2018 10:10:30 AM,334,-1,Western,NB,83rd,79th,0.5,S,,0,0,10,4,3,0334-201803211510,41.74281467,-87.68249602,41.75010178,-87.68266393,POINT (-87.6824960199 41.7428146728),POINT (-87.6826639338 41.7501017847),69,21554,30
03/21/2018 10:10:30 AM,335,22,Western,NB,79th,Columbus Ave,0.63,S,,2,8,10,4,3,0335-201803211510,41.75010178,-87.68266393,41.75923108,-87.68291923,POINT (-87.6826639338 41.7501017847),POINT (-87.6829192318 41.7592310843),69,21554,30
03/21/2018 10:10:30 AM,336,22,Western,NB,Columbus Ave,71st,0.37,S,,1,4,10,4,3,0336-201803211510,41.75923108,-87.68291923,41.76470118,-87.68305942,POINT (-87.6829192318 41.7592310843),POINT (-87.6830594183 41.764701176),64,22257,30
03/21/2018 10:10:30 AM,337,29,Western,NB,71st,67th,0.5,S,,6,36,10,4,3,0337-201803211510,41.76470118,-87.68305942,41.77197658,-87.68326095,POINT (-87.6830594183 41.764701176),POINT (-87.6832609507 41.7719765782),64,22257,30
03/21/2018 10:10:30 AM,338,29,Western,NB,67th,63rd,0.5,S,,2,7,10,4,3,0338-201803211510,41.77197658,-87.68326095,41.77921498,-87.68345604,POINT (-87.6832609507 41.7719765782),POINT (-87.6834560431 41.7792149771),64,22257,31
03/21/2018 10:10:30 AM,339,18,Western,NB,63rd,59th,0.5,S,,1,9,10,4,3,0339-201803211510,41.77921498,-87.68345604,41.78652769,-87.68364728,POINT (-87.6834560431 41.7792149771),POINT (-87.6836472764 41.786527685),64,22257,2
03/21/2018 10:10:30 AM,340,25,Western,NB,59th,55th,0.5,S,,1,6,10,4,3,0340-201803211510,41.78652769,-87.68364728,41.79387555,-87.68385842,POINT (-87.6836472764 41.786527685),POINT (-87.6838584229 41.793875546),61,22257,2
03/21/2018 10:10:30 AM,341,-1,Western,NB,55th,51st,0.5,S,Western Blvd Run Parallel on the East Side,0,0,10,4,3,0341-201803211510,41.79387555,-87.68385842,41.80114515,-87.68404066,POINT (-87.6838584229 41.793875546),POINT (-87.684040664 41.8011451454),61,14924,3
03/21/2018 10:10:30 AM,342,27,Western,NB,51st,47th,0.5,S,Western Blvd Run Parallel on the East Side,1,7,10,4,3,0342-201803211510,41.80114515,-87.68404066,41.80842471,-87.68424197,POINT (-87.684040664 41.8011451454),POINT (-87.6842419673 41.8084247143),61,14924,3
03/21/2018 10:10:30 AM,343,-1,Western,NB,47th,43rd,0.5,S,Western Blvd Run Parallel on the East Side,0,0,10,4,3,0343-201803211510,41.80842471,-87.68424197,41.81569489,-87.68444497,POINT (-87.6842419673 41.8084247143),POINT (-87.6844449706 41.8156948926),55,14924,3
03/21/2018 10:10:30 AM,344,38,Western,NB,43rd,Pershing,0.5,S,Western Blvd Run Parallel on the East Side,1,4,10,4,3,0344-201803211510,41.81569489,-87.68444497,41.82299499,-87.68469334,POINT (-87.6844449706 41.8156948926),POINT (-87.6846933402 41.8229949942),55,14924,3
03/21/2018 10:10:30 AM,345,25,Western,NB,Pershing,Archer,0.2,S,Western Blvd Run Parallel on the East Side,1,2,10,4,3,0345-201803211510,41.82299499,-87.68469334,41.82593688,-87.6847191,POINT (-87.6846933402 41.8229949942),POINT (-87.6847191026 41.8259368847),55,14924,1
03/21/2018 10:10:30 AM,346,33,Western,NB,Archer,31st,0.91,S,Western Blvd Run Parallel on the East Side,1,8,10,4,3,0346-201803211510,41.82593688,-87.6847191,41.83907298,-87.68503933,POINT (-87.6847191026 41.8259368847),POINT (-87.6850393262 41.8390729803),56,14924,1
03/21/2018 10:10:30 AM,347,22,Western,NB,31st,Cermak,0.9,S,,2,20,10,4,3,0347-201803211510,41.83907298,-87.68503933,41.85203087,-87.68545675,POINT (-87.6850393262 41.8390729803),POINT (-87.6854567493 41.8520308712),33,14920,26
03/21/2018 10:10:30 AM,348,28,Western,NB,Cermak,18th,0.5,S,,2,10,10,4,3,0348-201803211510,41.85203087,-87.68545675,41.857496,-87.685797,POINT (-87.6854567493 41.8520308712),POINT (-87.685797 41.857496),33,14920,26
03/21/2018 10:10:30 AM,349,19,Western,NB,18th,Roosevelt,0.5,S,,3,20,10,4,3,0349-201803211510,41.857496,-87.685797,41.86661151,-87.68585486,POINT (-87.685797 41.857496),POINT (-87.6858548579 41.8666115084),33,14920,26
03/21/2018 10:10:30 AM,350,24,Western,NB,Roosevelt,Van Buren,0.65,S,,2,23,10,4,3,0350-201803211510,41.86661151,-87.68585486,41.87608259,-87.68608592,POINT (-87.6858548579 41.8666115084),POINT (-87.6860859175 41.8760825857),29,14920,23
03/21/2018 10:10:30 AM,351,25,Western,NB,Van Buren,Washington,0.47,S,,2,17,10,4,3,0351-201803211510,41.87608259,-87.68608592,41.88299517,-87.68630096,POINT (-87.6860859175 41.8760825857),POINT (-87.6863009624 41.8829951691),29,21184,46
03/21/2018 10:10:30 AM,352,26,Western,NB,Washington,Grand,0.52,N,,1,2,10,4,3,0352-201803211510,41.88299517,-87.68630096,41.89064702,-87.68651089,POINT (-87.6863009624 41.8829951691),POINT (-87.6865108851 41.8906470248),29,21184,46
03/21/2018 10:10:30 AM,353,-1,Western,NB,Grand,Chicago,0.35,N,,0,0,10,4,3,0353-201803211510,41.89064702,-87.68651089,41.89574221,-87.68665896,POINT (-87.6865108851 41.8906470248),POINT (-87.6866589587 41.8957422115),25,21184,46
03/21/2018 10:10:30 AM,354,18,Western,NB,Chicago,Division,0.5,N,,1,8,10,4,3,0354-201803211510,41.89574221,-87.68665896,41.90301509,-87.6868431,POINT (-87.6866589587 41.8957422115),POINT (-87.686843103 41.9030150932),25,21560,41
03/21/2018 10:10:30 AM,355,18,Western,NB,Division,North Ave,0.5,N,,1,9,10,4,3,0355-201803211510,41.90301509,-87.6868431,41.91031983,-87.68703702,POINT (-87.686843103 41.9030150932),POINT (-87.6870370163 41.9103198343),25,21560,41
03/21/2018 10:10:30 AM,356,25,Western,NB,North Ave,Milwaukee,0.45,N,,1,8,10,4,3,0356-201803211510,41.91031983,-87.68703702,41.91680439,-87.68720501,POINT (-87.6870370163 41.9103198343),POINT (-87.6872050148 41.9168043897),25,22535,41
03/21/2018 10:10:30 AM,357,-1,Western,NB,Milwaukee,Fullerton,0.55,N,,0,0,10,4,3,0357-201803211510,41.91680439,-87.68720501,41.92489965,-87.68745819,POINT (-87.6872050148 41.9168043897),POINT (-87.68745819 41.9248996489),23,22535,40
03/21/2018 10:10:30 AM,358,25,Western,NB,Fullerton,Kennedy Expy,0.2,N,,2,3,10,4,3,0358-201803211510,41.92489965,-87.68745819,41.92798077,-87.68756612,POINT (-87.68745819 41.9248996489),POINT (-87.6875661231 41.9279807743),23,22535,40
03/21/2018 10:10:30 AM,359,19,Western,NB,Kennedy Expy,Diversey,0.3,N,,2,13,10,4,3,0359-201803211510,41.92798077,-87.68756612,41.93217809,-87.68769895,POINT (-87.6875661231 41.9279807743),POINT (-87.6876989484 41.9321780939),23,22535,41
03/21/2018 10:10:30 AM,360,34,Western,NB,Diversey,Belmont,0.5,N,,3,8,10,4,3,0360-201803211510,41.93217809,-87.68769895,41.93945978,-87.68798106,POINT (-87.6876989484 41.9321780939),POINT (-87.6879810565 41.9394597831),23,22535,40
03/21/2018 10:10:30 AM,361,26,Western,NB,Belmont,Addison,0.5,N,,3,18,10,4,3,0361-201803211510,41.93945978,-87.68798106,41.94672978,-87.68807393,POINT (-87.6879810565 41.9394597831),POINT (-87.6880739349 41.9467297764),46,21538,40
03/21/2018 10:10:30 AM,362,21,Western,NB,Addison,Irving Park,0.5,N,,3,17,10,4,3,0362-201803211510,41.94672978,-87.68807393,41.95401171,-87.68828243,POINT (-87.6880739349 41.9467297764),POINT (-87.6882824308 41.9540117081),46,21538,18
03/21/2018 10:10:30 AM,363,29,Western,NB,Irving Park,Montrose,0.5,N,,3,10,10,4,3,0363-201803211510,41.95401171,-87.68828243,41.96131182,-87.68849917,POINT (-87.6882824308 41.9540117081),POINT (-87.6884991671 41.9613118159),46,21538,18
03/21/2018 10:10:30 AM,364,19,Western,NB,Montrose,Lawrence,0.5,N,,6,26,10,4,3,0364-201803211510,41.96131182,-87.68849917,41.96861389,-87.68872273,POINT (-87.6884991671 41.9613118159),POINT (-87.6887227326 41.9686138926),46,21538,18
03/21/2018 01:01:15 AM,1217,-1,Halsted,NB,Archer,Cermak,0.4,S,,0,0,1,4,3,1217-201803210601,41.847196,-87.646297,41.852646,-87.646305,POINT (-87.646297 41.847196),POINT (-87.646305 41.852646),58,14920,48
03/21/2018 01:01:15 AM,1218,-1,Halsted,NB,Cermak,16th,0.5,S,,0,0,1,4,3,1218-201803210601,41.852646,-87.646305,41.859912,-87.646517,POINT (-87.646305 41.852646),POINT (-87.646517 41.859912),33,14920,48
03/21/2018 01:01:15 AM,1219,-1,Halsted,NB,16th,Roosevelt,0.5,S,,0,0,1,4,3,1219-201803210601,41.859912,-87.646517,41.867152,-87.646729,POINT (-87.646517 41.859912),POINT (-87.646729 41.867152),33,14920,48
03/21/2018 01:01:15 AM,1220,-1,Halsted,NB,Roosevelt,Harrison,0.5,S,,0,0,1,4,3,1220-201803210601,41.867152,-87.646729,41.874338,-87.646935,POINT (-87.646729 41.867152),POINT (-87.646935 41.874338),29,14917,48
03/21/2018 01:01:15 AM,1261,25,Halsted,SB,North Ave,Division,0.5,N,,1,5,1,4,3,1261-201803210601,41.91092,-87.648463,41.903636,-87.648284,POINT (-87.648463 41.91092),POINT (-87.648284 41.903636),68,22620,34
03/21/2018 01:01:15 AM,1262,20,Halsted,SB,Armitage,North Ave,0.5,N,,1,6,1,4,3,1262-201803210601,41.91818,-87.648698,41.91092,-87.648463,POINT (-87.648698 41.91818),POINT (-87.648463 41.91092),68,21190,34
03/21/2018 01:01:15 AM,1263,20,Halsted,SB,Fullerton,Armitage,0.5,N,,1,7,1,4,3,1263-201803210601,41.925454,-87.64895,41.91818,-87.648698,POINT (-87.64895 41.925454),POINT (-87.648698 41.91818),68,21190,34
03/21/2018 01:01:15 AM,1264,25,Halsted,SB,Diversey,Fullerton,0.5,N,,1,2,1,4,3,1264-201803210601,41.932719,-87.6492,41.925454,-87.64895,POINT (-87.6492 41.932719),POINT (-87.64895 41.925454),57,21190,25
03/21/2018 01:01:15 AM,1265,24,Halsted,SB,Belmont,Diversey,0.5,N,,1,1,1,4,3,1265-201803210601,41.939979,-87.649457,41.932719,-87.6492,POINT (-87.649457 41.939979),POINT (-87.6492 41.932719),57,4449,25
03/21/2018 01:01:15 AM,1266,-1,Halsted,SB,Addison,Belmont,0.5,N,,0,0,1,4,3,1266-201803210601,41.947316,-87.649676,41.939979,-87.649457,POINT (-87.649676 41.947316),POINT (-87.649457 41.939979),57,21186,25
03/21/2018 01:01:15 AM,1267,-1,Halsted,SB,Irving Park,Addison,0.5,N,,0,0,1,4,3,1267-201803210601,41.954562,-87.649889,41.947316,-87.649676,POINT (-87.649889 41.954562),POINT (-87.649676 41.947316),31,21186,39
03/21/2018 01:01:15 AM,1268,-1,Indiana,SB,127th,130th,0.3,S,Outside City Limits,0,0,1,4,3,1268-201803210601,41.66330931,-87.617866,41.65900629,-87.618769,POINT (-87.617866 41.66330931),POINT (-87.618769 41.65900629),50,21861,43
03/21/2018 01:01:15 AM,1292,22,State,NB,Roosevelt,Congress,0.56,S,,1,5,1,4,3,1292-201803210601,41.867413,-87.627318,41.875639,-87.627518,POINT (-87.627318 41.867413),POINT (-87.627518 41.875639),34,14913,9
03/21/2018 01:01:15 AM,1293,26,State,SB,Congress,Roosevelt,0.56,S,,2,10,1,4,3,1293-201803210601,41.875639,-87.627718,41.867413,-87.627518,POINT (-87.627718 41.875639),POINT (-87.627518 41.867413),38,14913,10
03/21/2018 01:01:15 AM,1294,17,State,NB,Congress,Wacker,0.77,N,,2,2,1,4,3,1294-201803210601,41.875639,-87.627518,41.886813,-87.627876,POINT (-87.627518 41.875639),POINT (-87.627876 41.886813),38,14913,10
03/21/2018 01:01:15 AM,1295,15,State,SB,Wacker,Congress,0.77,N,,2,22,1,4,3,1295-201803210601,41.886813,-87.628076,41.875639,-87.627718,POINT (-87.628076 41.886813),POINT (-87.627718 41.875639),38,14309,36
03/21/2018 01:01:15 AM,1296,-1,State,NB,Wacker,Chicago,0.68,N,,0,0,1,4,3,1296-201803210601,41.886813,-87.627876,41.896677,-87.628098,POINT (-87.627876 41.886813),POINT (-87.628098 41.896677),38,14309,36
03/21/2018 01:01:15 AM,1297,-1,State,SB,Chicago,Wacker,0.68,N,,0,0,1,4,3,1297-201803210601,41.896677,-87.628298,41.886813,-87.628076,POINT (-87.628298 41.896677),POINT (-87.628076 41.886813),37,4446,11
03/21/2018 01:01:15 AM,1298,-1,LaSalle,NB,Jackson,Wacker,0.6,N,,0,0,1,4,3,1298-201803210601,41.878134,-87.632157,41.886928,-87.632384,POINT (-87.632157 41.878134),POINT (-87.632384 41.886928),38,14912,36
03/21/2018 01:01:15 AM,1299,-1,LaSalle,SB,Wacker,Jackson,0.6,N,,0,0,1,4,3,1299-201803210601,41.886928,-87.632584,41.878134,-87.632357,POINT (-87.632584 41.886928),POINT (-87.632357 41.878134),38,14309,36
03/21/2018 01:01:15 AM,1300,31,Jackson,EB,Halsted,Wacker,0.54,W,Oneway EB,1,17,1,4,3,1300-201803210601,41.877947,-87.647241,41.878077,-87.636914,POINT (-87.647241 41.877947),POINT (-87.636914 41.878077),29,4452,46
03/21/2018 01:01:15 AM,1303,-1,Balbo,WB,LakeShore Dr,Michigan,0.52,E,,0,0,1,4,3,1303-201803210601,41.873356,-87.617312,41.873192,-87.627565,POINT (-87.617312 41.873356),POINT (-87.627565 41.873192),38,14913,36
03/21/2018 01:01:15 AM,1304,17,Harrison,EB,Halsted,Canal,0.4,W,,1,4,1,4,3,1304-201803210601,41.874238,-87.647125,41.874238,-87.639487,POINT (-87.647125 41.874238),POINT (-87.639487 41.874238),29,14917,48
03/21/2018 01:01:15 AM,1305,-1,Harrison,WB,State,Canal,0.6,W,,0,0,1,4,3,1305-201803210601,41.874652,-87.627611,41.874538,-87.639487,POINT (-87.627611 41.874652),POINT (-87.639487 41.874538),38,14913,10
03/21/2018 01:01:15 AM,1306,-1,Clark,NB,Roosevelt,Harrison,0.5,S,,0,0,1,4,3,1306-201803210601,41.867374,-87.630336,41.874521,-87.630574,POINT (-87.630336 41.867374),POINT (-87.630574 41.874521),34,14913,9
03/21/2018 01:01:15 AM,1307,-1,Clark,SB,Harrison,Roosevelt,0.5,S,,0,0,1,4,3,1307-201803210601,41.874521,-87.630774,41.867374,-87.630536,POINT (-87.630774 41.874521),POINT (-87.630536 41.867374),38,14913,10
03/21/2018 01:01:15 AM,1308,-1,Harrison,EB,Canal,State,0.6,W,,0,0,1,4,3,1308-201803210601,41.874238,-87.639487,41.874452,-87.627611,POINT (-87.639487 41.874238),POINT (-87.627611 41.874452),29,14917,26
03/21/2018 01:01:15 AM,1309,23,Harrison,WB,Canal,Halsted,0.4,W,,1,1,1,4,3,1309-201803210601,41.874538,-87.639487,41.874438,-87.647125,POINT (-87.639487 41.874538),POINT (-87.647125 41.874438),29,14917,26
03/21/2018 01:01:14 AM,493,-1,Archer,EB,Narragansett,Austin,0.51,S,,0,0,1,4,3,0493-201803210601,41.79222779,-87.78178957,41.79406784,-87.77208272,POINT (-87.7817895727 41.7922277907),POINT (-87.772082715 41.7940678353),53,22268,15
03/21/2018 01:01:14 AM,494,-1,Archer,EB,Austin,Central,0.51,S,,0,0,1,4,3,0494-201803210601,41.79406784,-87.77208272,41.79557417,-87.76240302,POINT (-87.772082715 41.7940678353),POINT (-87.7624030192 41.7955741737),53,22268,6
03/21/2018 01:01:14 AM,495,-1,Archer,EB,Central,Laramie,0.51,S,,0,0,1,4,3,0495-201803210601,41.79557417,-87.76240302,41.79708861,-87.75265737,POINT (-87.7624030192 41.7955741737),POINT (-87.7526573727 41.7970886104),53,22268,6
03/21/2018 01:01:14 AM,496,-1,Archer,EB,Laramie,Cicero,0.51,S,,0,0,1,4,3,0496-201803210601,41.79708861,-87.75265737,41.79850045,-87.74290345,POINT (-87.7526573727 41.7970886104),POINT (-87.7429034455 41.7985004459),53,22268,6
03/21/2018 01:01:14 AM,930,-1,Milwaukee,NW,Armitage,Fullerton,0.79,N,,0,0,1,4,3,0930-201803210601,41.91756851,-87.6883646,41.92478966,-87.70022285,POINT (-87.6883646017 41.9175685137),POINT (-87.7002228515 41.9247896604),23,22535,41
03/21/2018 01:01:14 AM,931,-1,Milwaukee,NW,Peterson,Devon,0.61,N,,0,0,1,4,3,0931-201803210601,41.99019463,-87.78085064,41.9973513,-87.78770639,POINT (-87.7808506377 41.9901946296),POINT (-87.7877063878 41.9973513029),36,22532,38
03/21/2018 01:01:14 AM,932,-1,Milwaukee,NW,Devon,Touhy,1.2,N,,0,0,1,4,3,0932-201803210601,41.9973513,-87.78770639,42.01196857,-87.80093906,POINT (-87.7877063878 41.9973513029),POINT (-87.8009390602 42.0119685688),36,22243,29
03/21/2018 01:01:14 AM,933,-1,Milwaukee,SE,Chicago,Kinzie,0.76,N,,0,0,1,4,3,0933-201803210601,41.89623552,-87.65556565,41.88902226,-87.64450038,POINT (-87.6555656519 41.8962355211),POINT (-87.6445003767 41.8890222586),25,22620,46
03/21/2018 01:01:14 AM,934,-1,Milwaukee,SE,Division,Chicago,0.75,N,,0,0,1,4,3,0934-201803210601,41.90334299,-87.66664594,41.89623552,-87.65556565,POINT (-87.666645935 41.903342994),POINT (-87.6555656519 41.8962355211),25,22620,11
03/21/2018 01:01:14 AM,935,-1,Milwaukee,SE,North Ave,Division,0.75,N,,0,0,1,4,3,0935-201803210601,41.91047763,-87.67768298,41.90334299,-87.66664594,POINT (-87.6776829823 41.9104776279),POINT (-87.666645935 41.903342994),25,21560,11
03/21/2018 01:01:14 AM,936,-1,Milwaukee,SE,Armitage,North Ave,0.75,N,,0,0,1,4,3,0936-201803210601,41.91757058,-87.68873201,41.91047763,-87.67768298,POINT (-87.6887320123 41.9175705769),POINT (-87.6776829823 41.9104776279),23,22535,41
03/21/2018 01:01:14 AM,937,-1,Milwaukee,SE,Fullerton,Armitage,0.79,N,,0,0,1,4,3,0937-201803210601,41.92479169,-87.70059031,41.91757058,-87.68873201,POINT (-87.700590308 41.9247916859),POINT (-87.6887320123 41.9175705769),23,22535,41
03/21/2018 01:01:14 AM,938,-1,Milwaukee,SE,Diversey,Fullerton,0.79,N,,0,0,1,4,3,0938-201803210601,41.93195317,-87.71243366,41.92479169,-87.70059031,POINT (-87.7124336581 41.9319531692),POINT (-87.700590308 41.9247916859),23,22535,12
03/21/2018 01:01:14 AM,939,-1,Milwaukee,SE,Belmont,Diversey,0.78,N,,0,0,1,4,3,0939-201803210601,41.93914251,-87.72413409,41.93195317,-87.71243366,POINT (-87.7241340948 41.9391425051),POINT (-87.7124336581 41.9319531692),22,21538,21
03/21/2018 01:01:14 AM,940,-1,Milwaukee,SE,Addison,Belmont,0.78,N,,0,0,1,4,3,0940-201803210601,41.94624508,-87.73581073,41.93914251,-87.72413409,POINT (-87.7358107254 41.9462450778),POINT (-87.7241340948 41.9391425051),16,22618,21
03/21/2018 01:01:14 AM,941,-1,Milwaukee,SE,Irving Park,Addison,0.78,N,,0,0,1,4,3,0941-201803210601,41.95341961,-87.74747112,41.94624508,-87.73581073,POINT (-87.7474711222 41.9534196096),POINT (-87.7358107254 41.9462450778),15,22618,50
03/21/2018 01:01:14 AM,942,23,Milwaukee,SE,Montrose,Irving Park,0.62,N,,1,1,1,4,3,0942-201803210601,41.9606343,-87.75467303,41.95341961,-87.74747112,POINT (-87.7546730264 41.960634303),POINT (-87.7474711222 41.9534196096),15,22618,50
03/21/2018 01:01:14 AM,943,-1,Milwaukee,SE,Lawrence,Montrose,0.59,N,,0,0,1,4,3,0943-201803210601,41.96784533,-87.76095888,41.9606343,-87.75467303,POINT (-87.7609588782 41.9678453326),POINT (-87.7546730264 41.960634303),11,21869,50
03/21/2018 01:01:14 AM,944,20,Milwaukee,SE,Foster,Lawrence,0.65,N,,1,3,1,4,3,0944-201803210601,41.97565606,-87.7679224,41.96784533,-87.76095888,POINT (-87.7679223953 41.9756560558),POINT (-87.7609588782 41.9678453326),11,21869,50
03/21/2018 01:01:14 AM,945,-1,Milwaukee,SE,Bryn Mawr,Foster,0.61,N,,0,0,1,4,3,0945-201803210601,41.98291682,-87.77454705,41.97565606,-87.7679224,POINT (-87.7745470464 41.9829168191),POINT (-87.7679223953 41.9756560558),11,21869,50
03/21/2018 01:01:14 AM,946,-1,Milwaukee,SE,Peterson,Bryn Mawr,0.61,N,,0,0,1,4,3,0946-201803210601,41.9901964,-87.78121846,41.98291682,-87.77454705,POINT (-87.7812184608 41.9901963992),POINT (-87.7745470464 41.9829168191),36,22532,38
03/21/2018 01:01:14 AM,947,-1,Milwaukee,SE,Devon,Peterson,0.61,N,,0,0,1,4,3,0947-201803210601,41.99735305,-87.78807425,41.9901964,-87.78121846,POINT (-87.7880742452 41.9973530508),POINT (-87.7812184608 41.9901963992),36,22243,29
03/21/2018 01:01:14 AM,948,-1,Milwaukee,SE,Touhy,Devon,1.2,N,,0,0,1,4,3,0948-201803210601,42.01196857,-87.80143906,41.99735305,-87.78807425,POINT (-87.8014390602 42.0119685688),POINT (-87.7880742452 41.9973530508),,4456,
03/21/2018 01:01:14 AM,949,-1,Washington,WB,Western,California,0.5,W,,0,0,1,4,3,0949-201803210601,41.88313341,-87.68648318,41.88303493,-87.69633369,POINT (-87.686483181 41.8831334079),POINT (-87.696333691 41.8830349349),29,21184,46
03/21/2018 01:01:14 AM,950,-1,Washington,WB,California,Kedzie,0.5,W,,0,0,1,4,3,0950-201803210601,41.88303493,-87.69633369,41.88293153,-87.70616912,POINT (-87.696333691 41.8830349349),POINT (-87.7061691246 41.8829315251),28,21184,46
03/21/2018 01:01:14 AM,954,-1,Ohio,EB,Orleans,LaSalle,0.23,W,Oneway,0,0,1,4,3,0954-201803210601,41.89238166,-87.63704756,41.89241451,-87.63257264,POINT (-87.637047557 41.8923816602),POINT (-87.6325726363 41.8924145112),37,4446,36
03/21/2018 01:01:14 AM,955,-1,Ohio,EB,LaSalle,State,0.23,W,Oneway,0,0,1,4,3,0955-201803210601,41.89241451,-87.63257264,41.892447,-87.62807094,POINT (-87.6325726363 41.8924145112),POINT (-87.6280709409 41.8924469959),37,4446,36
03/21/2018 01:01:14 AM,956,-1,Ohio,EB,State,Michigan,0.2,E,Oneway,0,0,1,4,3,0956-201803210601,41.892447,-87.62807094,41.89254301,-87.62415795,POINT (-87.6280709409 41.8924469959),POINT (-87.6241579489 41.8925430126),37,21182,36
03/21/2018 01:01:14 AM,957,-1,Ohio,EB,Michigan,Fairbanks,0.2,E,Oneway,0,0,1,4,3,0957-201803210601,41.89254301,-87.62415795,41.89259905,-87.62027224,POINT (-87.6241579489 41.8925430126),POINT (-87.6202722384 41.8925990544),37,21182,36
03/21/2018 01:01:14 AM,960,-1,Ontario,WB,Fairbanks,Michigan,0.2,E,Oneway,0,0,1,4,3,0960-201803210601,41.89342861,-87.62028586,41.893324,-87.62422064,POINT (-87.6202858565 41.8934286118),POINT (-87.6242206362 41.8933239978),37,21182,36
03/21/2018 01:01:14 AM,961,-1,Ontario,WB,Michigan,State,0.2,E,Oneway,0,0,1,4,3,0961-201803210601,41.893324,-87.62422064,41.89326837,-87.62811079,POINT (-87.6242206362 41.8933239978),POINT (-87.6281107904 41.8932683712),37,21182,36
03/21/2018 01:01:14 AM,962,-1,Ontario,WB,State,LaSalle,0.23,E,Oneway,0,0,1,4,3,0962-201803210601,41.89326837,-87.62811079,41.89320277,-87.63263645,POINT (-87.6281107904 41.8932683712),POINT (-87.6326364483 41.8932027711),37,21182,36
03/21/2018 01:01:14 AM,966,-1,Pershing,EB,Western,Damen,0.5,W,,0,0,1,4,3,0966-201803210601,41.82297531,-87.6849,41.82304972,-87.67507424,POINT (-87.6849 41.82297531),POINT (-87.67507424 41.82304972),55,14924,1
03/21/2018 01:01:14 AM,967,-1,Pershing,EB,Damen,Ashland,0.5,W,,0,0,1,4,3,0967-201803210601,41.82304972,-87.67507424,41.82307531,-87.66551,POINT (-87.67507424 41.82304972),POINT (-87.66551 41.82307531),59,14924,1
03/21/2018 01:01:14 AM,968,-1,Pershing,EB,Ashland,Halsted,1,W,,0,0,1,4,3,0968-201803210601,41.82307531,-87.66551,41.82339009,-87.64595204,POINT (-87.66551 41.82307531),POINT (-87.64595204 41.82339009),59,14924,1
03/21/2018 01:01:14 AM,969,-1,Pershing,EB,Halsted,Dan Ryan Expy,0.8,W,,0,0,1,4,3,0969-201803210601,41.82339009,-87.64595204,41.82371453,-87.63050842,POINT (-87.64595204 41.82339009),POINT (-87.63050842 41.82371453),59,14924,48
03/21/2018 01:01:14 AM,970,-1,Pershing,EB,Dan Ryan Expy,State,0.38,W,,0,0,1,4,3,0970-201803210601,41.82371453,-87.63050842,41.82381853,-87.62644842,POINT (-87.63050842 41.82371453),POINT (-87.62644842 41.82381853),35,14924,9
03/21/2018 01:01:14 AM,971,-1,Pershing,EB,State,Dr Martin L King Jr,0.54,E,,0,0,1,4,3,0971-201803210601,41.82381853,-87.62644842,41.82387853,-87.61699842,POINT (-87.62644842 41.82381853),POINT (-87.61699842 41.82387853),1,14924,9
03/21/2018 01:01:14 AM,972,-1,Pershing,EB,Dr Martin L King Jr,Cottage Grove,0.52,E,,0,0,1,4,3,0972-201803210601,41.82387853,-87.61699842,41.82387853,-87.60689442,POINT (-87.61699842 41.82387853),POINT (-87.60689442 41.82387853),1,4301,9
03/21/2018 01:01:14 AM,976,-1,Pershing,WB,Halsted,Ashland,1,W,,0,0,1,4,3,0976-201803210601,41.82359009,-87.64595204,41.82327531,-87.66551,POINT (-87.64595204 41.82359009),POINT (-87.66551 41.82327531),58,14924,48
03/21/2018 01:01:14 AM,977,-1,Pershing,WB,Dan Ryan Expy,Halsted,0.8,W,,0,0,1,4,3,0977-201803210601,41.82391453,-87.63050842,41.82359009,-87.64595204,POINT (-87.63050842 41.82391453),POINT (-87.64595204 41.82359009),35,14924,9
03/21/2018 01:01:14 AM,978,-1,Pershing,WB,State,Dan Ryan Expy,0.38,W,,0,0,1,4,3,0978-201803210601,41.82401853,-87.62644842,41.82391453,-87.63050842,POINT (-87.62644842 41.82401853),POINT (-87.63050842 41.82391453),1,14924,9
03/21/2018 01:01:14 AM,979,-1,Pershing,WB,Dr Martin L King Jr,State,0.54,E,,0,0,1,4,3,0979-201803210601,41.82407853,-87.61699842,41.82401853,-87.62644842,POINT (-87.61699842 41.82407853),POINT (-87.62644842 41.82401853),1,4301,10
03/21/2018 01:01:14 AM,980,-1,Pershing,WB,Cottage Grove,Dr Martin L King Jr,0.52,E,,0,0,1,4,3,0980-201803210601,41.82407853,-87.60689442,41.82407853,-87.61699842,POINT (-87.60689442 41.82407853),POINT (-87.61699842 41.82407853),2,4301,10
03/21/2018 01:01:14 AM,985,-1,Torrence,SB,107th,112th,0.62,S,,0,0,1,4,3,0985-201803210601,41.7009777,-87.5597578,41.69194211,-87.55964533,POINT (-87.5597578004 41.700977697),POINT (-87.559645328 41.6919421101),48,21202,47
03/21/2018 01:01:14 AM,986,-1,Torrence,SB,103rd,107th,0.5,S,,0,0,1,4,3,0986-201803210601,41.70816921,-87.55984874,41.7009777,-87.5597578,POINT (-87.5598487355 41.7081692089),POINT (-87.5597578004 41.700977697),48,21202,37
03/21/2018 01:01:14 AM,987,-1,Torrence,SB,99th,103rd,0.5,S,,0,0,1,4,3,0987-201803210601,41.7154067,-87.5599585,41.70816921,-87.55984874,POINT (-87.5599585029 41.7154067044),POINT (-87.5598487355 41.7081692089),48,21202,47
03/21/2018 01:01:14 AM,994,-1,Touhy,EB,Oriole,Harlem,0.5,W,,0,0,1,4,3,0994-201803210601,42.01132191,-87.81632773,42.01157945,-87.80657824,POINT (-87.8163277341 42.0113219108),POINT (-87.8065782442 42.0115794459),77,22243,29
03/21/2018 01:01:14 AM,997,-1,Touhy,EB,Caldwell,Lehigh,0.79,W,outside city limits,0,0,1,4,3,0997-201803210601,42.0118013,-87.7888441,42.01172704,-87.77340856,POINT (-87.788844102 42.0118012997),POINT (-87.7734085578 42.0117270439),,4456,
03/21/2018 01:01:14 AM,1000,-1,Touhy,EB,Crawford,Kedzie,1,W,outside city limits,0,0,1,4,3,1000-201803210601,42.01159851,-87.72859889,42.01171965,-87.70905674,POINT (-87.7285988897 42.0115985088),POINT (-87.7090567368 42.0117196518),,4455,
03/21/2018 01:01:14 AM,1001,-1,Touhy,EB,Kedzie,California,0.47,W,,0,0,1,4,3,1001-201803210601,42.01171965,-87.70905674,42.01197638,-87.69974663,POINT (-87.7090567368 42.0117196518),POINT (-87.6997466265 42.0119763841),20,22528,27
03/21/2018 01:01:14 AM,1003,-1,Touhy,EB,Western,Ridge,0.36,W,,0,0,1,4,3,1003-201803210601,42.01216289,-87.69024229,42.01210537,-87.68306729,POINT (-87.6902422854 42.0121628852),POINT (-87.6830672906 42.0121053665),20,22528,27
03/21/2018 01:01:14 AM,1052,-1,Washington,EB,Racine,Halsted,0.47,W,,0,0,1,4,3,1052-201803210601,41.8829113,-87.65666699,41.88303156,-87.64740477,POINT (-87.6566669933 41.8829113042),POINT (-87.647404773 41.883031561),29,14917,26
03/21/2018 01:01:14 AM,1053,23,Washington,EB,Halsted,Wacker,0.53,W,,1,4,1,4,3,1053-201803210601,41.88303156,-87.64740477,41.88314431,-87.63702646,POINT (-87.647404773 41.883031561),POINT (-87.6370264614 41.883144306),29,4452,46
03/21/2018 01:01:14 AM,1054,23,Washington,EB,Wacker,Michigan,0.64,W,,4,23,1,4,3,1054-201803210601,41.88314431,-87.63702646,41.88319861,-87.62442391,POINT (-87.6370264614 41.883144306),POINT (-87.6244239148 41.8831986058),38,14914,36
03/21/2018 01:01:14 AM,1055,-1,Randolph,WB,Lake Shore Dr,Columbus,0.32,E,,0,0,1,4,3,1055-201803210601,41.88451807,-87.61435627,41.884652,-87.62064194,POINT (-87.6143562664 41.8845180727),POINT (-87.6206419402 41.8846520046),38,14309,36
03/21/2018 01:01:14 AM,1056,-1,Randolph,WB,Columbus,Michigan,0.19,E,,0,0,1,4,3,1056-201803210601,41.884652,-87.62064194,41.88460865,-87.62445019,POINT (-87.6206419402 41.8846520046),POINT (-87.6244501884 41.8846086464),38,14309,36
03/21/2018 01:01:14 AM,1057,22,Randolph,WB,Michigan,Wacker,0.65,E,,1,1,1,4,3,1057-201803210601,41.88460865,-87.62445019,41.8845987,-87.63706854,POINT (-87.6244501884 41.8846086464),POINT (-87.637068542 41.8845986991),38,14309,36
03/20/2018 11:01:09 PM,453,18,79th,WB,Racine,Ashland,0.5,W,,1,6,23,3,3,0453-201803210401,41.75058916,-87.65369301,41.75056524,-87.66346869,POINT (-87.6536930095 41.7505891635),POINT (-87.6634686872 41.7505652402),70,21554,31
03/20/2018 11:01:09 PM,454,-1,79th,WB,Halsted,Racine,0.5,W,,0,0,23,3,3,0454-201803210401,41.75077524,-87.64397017,41.75058916,-87.65369301,POINT (-87.6439701738 41.7507752434),POINT (-87.6536930095 41.7505891635),70,21554,31
03/20/2018 11:01:08 PM,27,33,Pulaski,NB,79th,71st,1,S,,2,12,23,3,3,0027-201803210401,41.74956953,-87.72173116,41.76409928,-87.7223094,POINT (-87.7217311602 41.7495695299),POINT (-87.7223094048 41.7640992823),69,4300,30
03/20/2018 11:01:08 PM,28,31,Pulaski,NB,71st,67th,0.5,S,,1,4,23,3,3,0028-201803210401,41.76409928,-87.7221716,41.77137298,-87.72246177,POINT (-87.7221715979 41.7640992823),POINT (-87.7224617677 41.7713729793),63,21867,15
03/20/2018 11:01:08 PM,29,38,Pulaski,NB,67th,63rd,0.5,S,,1,5,23,3,3,0029-201803210401,41.77137298,-87.72239278,41.77865726,-87.72264588,POINT (-87.7223927753 41.7713729793),POINT (-87.722645881 41.7786572624),63,21867,15
03/20/2018 11:01:08 PM,30,34,Pulaski,NB,63rd,59th,0.5,S,,1,7,23,3,3,0030-201803210401,41.77865726,-87.72257679,41.7859356,-87.72284717,POINT (-87.7225767893 41.7786572624),POINT (-87.7228471654 41.7859356046),63,21867,15
03/20/2018 11:01:08 PM,31,16,Pulaski,NB,59th,55th,0.5,S,,1,3,23,3,3,0031-201803210401,41.7859356,-87.72277814,41.79320342,-87.72304453,POINT (-87.722778136 41.7859356046),POINT (-87.7230445278 41.7932034198),63,21867,6
03/20/2018 11:01:08 PM,32,-1,Pulaski,NB,55th,Archer,0.62,S,,0,0,23,3,3,0032-201803210401,41.79320342,-87.7229756,41.80231647,-87.72332735,POINT (-87.7229756027 41.7932034198),POINT (-87.7233273471 41.802316468),60,22248,15
03/20/2018 11:01:08 PM,33,-1,Pulaski,NB,Archer,47th,0.38,S,,0,0,23,3,3,0033-201803210401,41.80231647,-87.72324094,41.80788265,-87.723456,POINT (-87.7232409373 41.802316468),POINT (-87.7234560048 41.8078826502),54,22248,8
03/20/2018 11:01:08 PM,34,-1,Pulaski,NB,47th,43rd,0.5,S,,0,0,23,3,3,0034-201803210401,41.80788265,-87.72340323,41.81519452,-87.7237478,POINT (-87.7234032253 41.8078826502),POINT (-87.7237477951 41.8151945196),54,22248,8
03/20/2018 11:01:08 PM,35,-1,Pulaski,NB,43rd,I-55 Expy,0.53,S,,0,0,23,3,3,0035-201803210401,41.81519452,-87.72367848,41.82298978,-87.72394088,POINT (-87.7236784823 41.8151945196),POINT (-87.723940876 41.8229897759),54,22248,8
03/20/2018 11:01:08 PM,36,-1,Pulaski,NB,I-55 Expy,31st,0.95,S,,0,0,23,3,3,0036-201803210401,41.82298978,-87.72386698,41.83688129,-87.72429876,POINT (-87.7238669791 41.8229897759),POINT (-87.7242987603 41.8368812942),54,22248,8
03/20/2018 11:01:08 PM,37,24,Pulaski,NB,31st,26th,0.5,S,,2,5,23,3,3,0037-201803210401,41.83688129,-87.72416709,41.84425419,-87.72443965,POINT (-87.7241670914 41.8368812942),POINT (-87.7244396463 41.8442541875),32,21569,28
03/20/2018 11:01:08 PM,38,22,Pulaski,NB,26th,Cermak,0.5,S,,1,7,23,3,3,0038-201803210401,41.84425419,-87.72436976,41.85154559,-87.72464421,POINT (-87.7243697591 41.8442541875),POINT (-87.7246442132 41.8515455888),32,21569,28
03/20/2018 11:01:08 PM,39,25,Pulaski,NB,Cermak,16th,0.5,S,,1,10,23,3,3,0039-201803210401,41.85154559,-87.7245751,41.85886735,-87.72484089,POINT (-87.7245751041 41.8515455888),POINT (-87.7248408908 41.8588673534),30,21569,28
03/20/2018 11:01:08 PM,40,23,Pulaski,NB,16th,Roosevelt,0.5,S,,1,8,23,3,3,0040-201803210401,41.85886735,-87.7247715,41.86617116,-87.72505615,POINT (-87.724771498 41.8588673534),POINT (-87.7250561494 41.8661711575),30,21569,14
03/20/2018 11:01:08 PM,41,24,Pulaski,NB,Roosevelt,Van Buren,0.62,S,,1,4,23,3,3,0041-201803210401,41.86617116,-87.72498693,41.87527538,-87.72538133,POINT (-87.7249869344 41.8661711575),POINT (-87.7253813295 41.8752753838),30,21572,14
03/20/2018 11:01:08 PM,42,18,Pulaski,NB,Van Buren,Washington,0.46,S,,1,10,23,3,3,0042-201803210401,41.87527538,-87.72529507,41.88193647,-87.72558631,POINT (-87.7252950746 41.8752753838),POINT (-87.7255863086 41.8819364677),27,21572,23
03/20/2018 11:01:08 PM,43,19,Pulaski,NB,Washington,Lake,0.24,N,,1,3,23,3,3,0043-201803210401,41.88193647,-87.72552321,41.88546585,-87.72565466,POINT (-87.7255232056 41.8819364677),POINT (-87.7256546637 41.8854658549),27,21572,23
03/20/2018 11:01:08 PM,44,18,Pulaski,NB,Lake,Chicago,0.68,N,,1,12,23,3,3,0044-201803210401,41.88546585,-87.72562123,41.89536668,-87.72599063,POINT (-87.7256212259 41.8854658549),POINT (-87.725990629 41.8953666789),27,21572,45
03/20/2018 11:01:08 PM,45,-1,Pulaski,NB,Chicago,Division,0.5,N,,0,0,23,3,3,0045-201803210401,41.89536668,-87.72589685,41.90267048,-87.72618845,POINT (-87.7258968524 41.8953666789),POINT (-87.7261884496 41.9026704832),24,21572,45
03/20/2018 11:01:08 PM,46,-1,Pulaski,NB,Division,Grand,0.24,N,,0,0,23,3,3,0046-201803210401,41.90267048,-87.72611927,41.90615506,-87.72625703,POINT (-87.7261192748 41.9026704832),POINT (-87.7262570347 41.9061550576),24,4299,45
03/20/2018 11:01:08 PM,47,-1,Pulaski,NB,Grand,North Ave,0.5,N,,0,0,23,3,3,0047-201803210401,41.90615506,-87.72622403,41.90988572,-87.72618238,POINT (-87.7262240305 41.9061550576),POINT (-87.7261823777 41.9098857185),24,4299,49
03/20/2018 11:01:08 PM,48,-1,Pulaski,NB,North Ave,Armitage,0.5,N,,0,0,23,3,3,0048-201803210401,41.90988572,-87.72614702,41.91716519,-87.72644421,POINT (-87.7261470243 41.9098857185),POINT (-87.7264442053 41.9171651852),24,22615,49
03/20/2018 11:01:08 PM,49,25,Pulaski,NB,Armitage,Fullerton,0.5,N,,1,10,23,3,3,0049-201803210401,41.91716519,-87.72637526,41.92448299,-87.72665417,POINT (-87.7263752552 41.9171651852),POINT (-87.7266541696 41.9244829851),21,22535,49
03/20/2018 11:01:08 PM,50,25,Pulaski,NB,Fullerton,Diversey,0.5,N,,1,6,23,3,3,0050-201803210401,41.92448299,-87.72658486,41.93178939,-87.72686416,POINT (-87.7265848616 41.9244829851),POINT (-87.726864157 41.9317893922),23,22615,12
03/20/2018 11:01:08 PM,51,23,Pulaski,NB,Diversey,Milwaukee,0.65,N,,1,13,23,3,3,0051-201803210401,41.93178939,-87.72679496,41.94116684,-87.72715168,POINT (-87.726794963 41.9317893922),POINT (-87.7271516758 41.9411668426),23,22535,17
03/20/2018 11:01:08 PM,52,21,Pulaski,NB,Milwaukee,Irving Park,0.85,N,,1,6,23,3,3,0052-201803210401,41.94116684,-87.72706288,41.95364682,-87.7275515,POINT (-87.7270628829 41.9411668426),POINT (-87.727551496 41.9536468185),22,22618,21
03/20/2018 11:01:08 PM,53,-1,Pulaski,NB,Irving Park,Elston,0.4,N,,0,0,23,3,3,0053-201803210401,41.95364682,-87.72743336,41.95961283,-87.72766174,POINT (-87.7274333564 41.9536468185),POINT (-87.7276617396 41.9596128313),16,22618,50
03/20/2018 11:01:08 PM,54,-1,Pulaski,NB,Elston,Lawrence,0.6,N,,0,0,23,3,3,0054-201803210401,41.95961283,-87.72760526,41.96824133,-87.72792539,POINT (-87.7276052579 41.9596128313),POINT (-87.7279253868 41.9682413338),16,22618,38
03/20/2018 11:01:08 PM,55,-1,Pulaski,NB,Lawrence,Foster,0.5,N,,0,0,23,3,3,0055-201803210401,41.96824133,-87.72784371,41.97553104,-87.72811852,POINT (-87.727843711 41.9682413338),POINT (-87.7281185167 41.9755310394),14,21849,12
03/20/2018 11:01:08 PM,56,-1,Pulaski,NB,Foster,Bryn Mawr,0.5,N,,0,0,23,3,3,0056-201803210401,41.97553104,-87.72804952,41.98283056,-87.72831777,POINT (-87.7280495172 41.9755310394),POINT (-87.7283177717 41.9828305605),14,21849,38
03/20/2018 11:01:08 PM,57,28,Pulaski,NB,Bryn Mawr,Peterson,0.5,N,,1,1,23,3,3,0057-201803210401,41.98283056,-87.72831777,41.98865202,-87.72831777,POINT (-87.7283177717 41.9828305605),POINT (-87.7283177717 41.988652019),13,21869,38
03/20/2018 11:01:08 PM,59,35,Pulaski,SB,107th,111th,0.5,S,IDOT Signals possible in this segment,1,1,23,3,3,0059-201803210401,41.69856502,-87.72087693,41.69127154,-87.72053283,POINT (-87.7208769338 41.6985650226),POINT (-87.7205328337 41.6912715426),,10408,
03/20/2018 11:01:08 PM,60,30,Pulaski,SB,103rd,107th,0.5,S,IDOT Signals possible in this segment,1,6,23,3,3,0060-201803210401,41.70590579,-87.72115711,41.69856502,-87.72087693,POINT (-87.7211571147 41.7059057937),POINT (-87.7208769338 41.6985650226),,10408,
03/20/2018 11:01:08 PM,61,30,Pulaski,SB,99th,103rd,0.5,S,IDOT Signals possible in this segment,1,4,23,3,3,0061-201803210401,41.71317476,-87.72137437,41.70590579,-87.72115711,POINT (-87.7213743744 41.7131747577),POINT (-87.7211571147 41.7059057937),,10408,
03/20/2018 11:01:08 PM,62,29,Pulaski,SB,95th,99th,0.5,S,Outside City,1,7,23,3,3,0062-201803210401,41.72053902,-87.72159081,41.71317476,-87.72137437,POINT (-87.7215908065 41.7205390182),POINT (-87.7213743744 41.7131747577),,10408,
03/20/2018 11:01:08 PM,63,35,Pulaski,SB,91st,95th,0.5,S,Outside City,1,9,23,3,3,0063-201803210401,41.72792793,-87.72196607,41.72053902,-87.72159081,POINT (-87.721966073 41.7279279345),POINT (-87.7215908065 41.7205390182),,10412,
03/20/2018 11:01:08 PM,64,35,Pulaski,SB,87th,91st,0.5,S,Outside City,1,3,23,3,3,0064-201803210401,41.73486055,-87.72167768,41.72792793,-87.72196607,POINT (-87.7216776788 41.7348605537),POINT (-87.721966073 41.7279279345),69,10412,30
03/20/2018 11:01:08 PM,65,32,Pulaski,SB,83rd,87th,0.5,S,IDOT Signals possible in this segment,1,9,23,3,3,0065-201803210401,41.74218196,-87.72192879,41.73486055,-87.72167768,POINT (-87.7219287929 41.7421819618),POINT (-87.7216776788 41.7348605537),69,4300,30
03/20/2018 11:01:08 PM,66,30,Pulaski,SB,79th,83rd,0.5,S,,1,1,23,3,3,0066-201803210401,41.74957343,-87.72216405,41.74218196,-87.72192879,POINT (-87.7221640524 41.7495734287),POINT (-87.7219287929 41.7421819618),69,4300,30
03/20/2018 11:01:08 PM,67,26,Pulaski,SB,71st,79th,1,S,,1,6,23,3,3,0067-201803210401,41.76410318,-87.72260466,41.74957343,-87.72216405,POINT (-87.7226046555 41.7641031795),POINT (-87.7221640524 41.7495734287),63,21867,30
03/20/2018 11:01:08 PM,68,18,Pulaski,SB,67th,71st,0.5,S,,1,4,23,3,3,0068-201803210401,41.77137688,-87.72282592,41.76410318,-87.72260466,POINT (-87.7228259157 41.7713768755),POINT (-87.7226046555 41.7641031795),63,21867,15
03/20/2018 11:01:08 PM,69,33,Pulaski,SB,63rd,67th,0.5,S,,1,7,23,3,3,0069-201803210401,41.77866116,-87.72301001,41.77137688,-87.72282592,POINT (-87.7230100127 41.7786611581),POINT (-87.7228259157 41.7713768755),63,21867,6
03/20/2018 11:01:08 PM,70,31,Pulaski,SB,59th,63rd,0.5,S,,1,7,23,3,3,0070-201803210401,41.7859395,-87.72321144,41.77866116,-87.72301001,POINT (-87.7232114423 41.7859394995),POINT (-87.7230100127 41.7786611581),60,21867,15
03/20/2018 11:01:08 PM,71,32,Pulaski,SB,55th,59th,0.5,S,,1,6,23,3,3,0071-201803210401,41.79320731,-87.72340899,41.7859395,-87.72321144,POINT (-87.7234089919 41.793207314),POINT (-87.7232114423 41.7859394995),60,22248,6
03/20/2018 11:01:08 PM,72,30,Pulaski,SB,Archer,55th,0.62,S,,1,11,23,3,3,0072-201803210401,41.80232036,-87.72367443,41.79320731,-87.72340899,POINT (-87.72367443040001 41.8023203612),POINT (-87.7234089919 41.793207314),54,22248,8
03/20/2018 11:01:08 PM,73,-1,Pulaski,SB,47th,Archer,0.38,S,,0,0,23,3,3,0073-201803210401,41.80788654,-87.72383678,41.80232036,-87.72367443,POINT (-87.7238367819 41.8078865428),POINT (-87.72367443040001 41.8023203612),54,22248,8
03/20/2018 11:01:08 PM,74,-1,Pulaski,SB,43rd,47th,0.5,S,,0,0,23,3,3,0074-201803210401,41.81519841,-87.72411212,41.80788654,-87.72383678,POINT (-87.7241121224 41.815198411),POINT (-87.7238367819 41.8078865428),54,22248,8
03/20/2018 11:01:08 PM,75,-1,Pulaski,SB,I-55 Expy,43rd,0.53,S,,0,0,23,3,3,0075-201803210401,41.82299367,-87.72430071,41.81519841,-87.72411212,POINT (-87.7243007082 41.8229936666),POINT (-87.7241121224 41.815198411),54,22248,8
03/20/2018 11:01:08 PM,76,-1,Pulaski,SB,31st,I-55 Expy,0.95,S,,0,0,23,3,3,0076-201803210401,41.83688518,-87.72460098,41.82299367,-87.72430071,POINT (-87.7246009792 41.8368851841),POINT (-87.7243007082 41.8229936666),32,21569,28
03/20/2018 11:01:08 PM,77,25,Pulaski,SB,26th,31st,0.5,S,,1,4,23,3,3,0077-201803210401,41.84425808,-87.72480373,41.83688518,-87.72460098,POINT (-87.72480373110001 41.8442580766),POINT (-87.7246009792 41.8368851841),32,21569,28
03/20/2018 11:01:08 PM,78,25,Pulaski,SB,Cermak,26th,0.5,S,,1,2,23,3,3,0078-201803210401,41.85154948,-87.72500916,41.84425808,-87.72480373,POINT (-87.7250091595 41.8515494772),POINT (-87.72480373110001 41.8442580766),30,21569,14
03/20/2018 11:01:08 PM,79,-1,Pulaski,SB,16th,Cermak,0.5,S,,0,0,23,3,3,0079-201803210401,41.85887124,-87.72520564,41.85154948,-87.72500916,POINT (-87.7252056371 41.858871241),POINT (-87.7250091595 41.8515494772),30,21569,14
03/20/2018 11:01:08 PM,80,-1,Pulaski,SB,Roosevelt,16th,0.5,S,,0,0,23,3,3,0080-201803210401,41.86617504,-87.72542116,41.85887124,-87.72520564,POINT (-87.7254211571 41.8661750444),POINT (-87.7252056371 41.858871241),30,21572,14
03/20/2018 11:01:08 PM,81,18,Pulaski,SB,Van Buren,Roosevelt,0.62,S,,1,7,23,3,3,0081-201803210401,41.87527927,-87.7257294,41.86617504,-87.72542116,POINT (-87.7257294016 41.8752792694),POINT (-87.7254211571 41.8661750444),27,21572,23
03/20/2018 11:01:08 PM,82,19,Pulaski,SB,Washington,Van Buren,0.46,N,,2,11,23,3,3,0082-201803210401,41.88194035,-87.72595761,41.87527927,-87.7257294,POINT (-87.7259576089 41.8819403523),POINT (-87.7257294016 41.8752792694),27,21572,23
03/20/2018 11:01:08 PM,85,33,Pulaski,SB,Division,Chicago,0.5,N,,3,12,23,3,3,0085-201803210401,41.90267437,-87.72655392,41.89537056,-87.72633141,POINT (-87.72655391580001 41.9026743655),POINT (-87.72633140960001 41.8953705621),24,4299,45
03/20/2018 11:01:08 PM,86,26,Pulaski,SB,Grand,Division,0.24,N,,1,1,23,3,3,0086-201803210401,41.90615894,-87.72665871,41.90267437,-87.72655392,POINT (-87.7266587113 41.9061589395),POINT (-87.72655391580001 41.9026743655),24,4299,49
03/20/2018 11:01:08 PM,87,25,Pulaski,SB,North Ave,Grand,0.5,N,,1,1,23,3,3,0087-201803210401,41.9098896,-87.72658175,41.90615894,-87.72665871,POINT (-87.726581748 41.9098896012),POINT (-87.7266587113 41.9061589395),24,22615,49
03/20/2018 11:01:08 PM,88,-1,Pulaski,SB,Armitage,North Ave,0.5,N,,0,0,23,3,3,0088-201803210401,41.91716907,-87.72681006,41.9098896,-87.72658175,POINT (-87.7268100624 41.917169067),POINT (-87.726581748 41.9098896012),21,22615,49
03/20/2018 11:01:08 PM,89,-1,Pulaski,SB,Fullerton,Armitage,0.5,N,,0,0,23,3,3,0089-201803210401,41.92448687,-87.72701975,41.91716907,-87.72681006,POINT (-87.7270197528 41.9244868661),POINT (-87.7268100624 41.917169067),23,22615,17
03/20/2018 11:01:08 PM,90,20,Pulaski,SB,Diversey,Fullerton,0.5,N,,1,7,23,3,3,0090-201803210401,41.93179327,-87.72722994,41.92448687,-87.72701975,POINT (-87.72722993800001 41.9317932724),POINT (-87.7270197528 41.9244868661),22,22615,17
03/20/2018 11:01:08 PM,91,20,Pulaski,SB,Milwaukee,Diversey,0.65,N,,1,9,23,3,3,0091-201803210401,41.94117072,-87.72749797,41.93179327,-87.72722994,POINT (-87.72749796560001 41.9411707218),POINT (-87.72722993800001 41.9317932724),16,22618,21
03/20/2018 11:01:08 PM,92,22,Pulaski,SB,Irving Park,Milwaukee,0.85,N,,1,13,23,3,3,0092-201803210401,41.9536507,-87.72786858,41.94117072,-87.72749797,POINT (-87.72786858250001 41.9536506962),POINT (-87.72749796560001 41.9411707218),16,22618,38
03/20/2018 11:01:08 PM,93,-1,Pulaski,SB,Elston,Irving Park,0.4,N,,0,0,23,3,3,0093-201803210401,41.95961671,-87.72804055,41.9536507,-87.72786858,POINT (-87.72804055270001 41.9596167084),POINT (-87.72786858250001 41.9536506962),16,22618,38
03/20/2018 11:01:08 PM,94,-1,Pulaski,SB,Lawrence,Elston,0.6,N,,0,0,23,3,3,0094-201803210401,41.96824521,-87.72827911,41.95961671,-87.72804055,POINT (-87.728279105 41.96824521),POINT (-87.72804055270001 41.9596167084),14,21869,38
03/20/2018 11:01:08 PM,95,-1,Pulaski,SB,Foster,Lawrence,0.5,N,,0,0,23,3,3,0095-201803210401,41.97553491,-87.728485,41.96824521,-87.72827911,POINT (-87.7284849951 41.9755349148),POINT (-87.728279105 41.96824521),13,21869,38
03/20/2018 11:01:08 PM,96,-1,Pulaski,SB,Bryn Mawr,Foster,0.5,N,,0,0,23,3,3,0096-201803210401,41.98283444,-87.72868425,41.97553491,-87.728485,POINT (-87.728684246 41.9828344352),POINT (-87.7284849951 41.9755349148),13,21869,38
03/20/2018 11:01:08 PM,97,27,Pulaski,SB,Peterson,Bryn Mawr,0.5,N,,1,4,23,3,3,0097-201803210401,41.99013834,-87.72889198,41.98283444,-87.72868425,POINT (-87.7288919771 41.9901383429),POINT (-87.728684246 41.9828344352),13,22532,38
03/20/2018 11:01:08 PM,98,-1,Ashland,NB,95th,91st,0.5,S,,0,0,23,3,3,0098-201803210401,41.72121411,-87.66250027,41.7284811,-87.66266842,POINT (-87.6625002738 41.7212141057),POINT (-87.6626684166 41.7284810983),72,22212,13
03/20/2018 11:01:08 PM,99,23,Ashland,NB,91st,87th,0.5,S,,1,7,23,3,3,0099-201803210401,41.7284811,-87.66266842,41.73578872,-87.66288195,POINT (-87.6626684166 41.7284810983),POINT (-87.6628819511 41.7357887154),72,21554,13
03/20/2018 11:01:08 PM,100,21,Ashland,NB,87th,83rd,0.5,S,,1,5,23,3,3,0100-201803210401,41.73578872,-87.66288195,41.74307569,-87.66306836,POINT (-87.6628819511 41.7357887154),POINT (-87.6630683582 41.7430756949),70,21554,13
03/20/2018 11:01:08 PM,101,25,Ashland,NB,83rd,79th,0.5,S,,1,6,23,3,3,0101-201803210401,41.74307569,-87.66306836,41.75035601,-87.66325414,POINT (-87.6630683582 41.7430756949),POINT (-87.6632541367 41.7503560091),70,21554,13
03/20/2018 11:01:08 PM,102,27,Ashland,NB,79th,71st,1,S,,1,8,23,3,3,0102-201803210401,41.75035601,-87.66325414,41.76490796,-87.66361272,POINT (-87.6632541367 41.7503560091),POINT (-87.663612718 41.7649079607),70,21554,13
